,date,iv,BS
0,2018-01-02,0.021847139379064105,0.068871
1,2018-01-03,0.023454240347399992,0.072398
2,2018-01-04,0.02785243576720636,0.071179
3,2018-01-05,0.02778834766015442,0.074068
4,2018-01-08,0.02946851655471818,0.072545
5,2018-01-09,0.02821632432432371,0.076902
6,2018-01-10,0.03080334075646922,0.080641
7,2018-01-11,0.028317991987534902,0.07689
8,2018-01-12,0.029221410272501917,0.07935
9,2018-01-16,0.032204041060541415,0.102895
10,2018-01-17,0.045858789505038786,0.093145
11,2018-01-18,0.051689090875833565,0.100425
12,2018-01-19,0.04435702606955861,0.090997
13,2018-01-22,0.034151248206938094,0.082264
14,2018-01-23,0.03736565350936695,0.089122
15,2018-01-24,0.038816181015541726,0.102428
16,2018-01-25,0.0364634950831315,0.100304
17,2018-01-26,0.023193750845546705,0.092969
18,2018-01-29,0.034047858106517184,0.120949
19,2018-01-30,0.032093311749682475,0.126449
20,2018-01-31,0.02991720305302232,0.121531
21,2018-02-01,0.02838732814724513,0.117912
22,2018-02-02,0.028063723572757236,0.148537
23,2018-02-05,0.00858314331940474,0.302872
24,2018-02-06,0.021929188177953002,0.213594
25,2018-02-07,0.021927526766556998,0.185539
26,2018-02-08,0.040321648269592586,0.289858
27,2018-02-09,0.04038156030841538,0.228107
28,2018-02-12,0.06653374968683257,0.179826
29,2018-02-13,0.07046981242770775,0.176001
30,2018-02-14,0.612768625479594,0.1478
31,2018-02-15,0.624561686757081,0.13623
32,2018-02-16,0.09349497424376266,0.145144
33,2018-02-20,0.13540927194828234,0.155396
34,2018-02-21,0.05614121117897725,0.160762
35,2018-02-22,0.027270276567551578,0.145245
36,2018-02-23,0.09449844098442126,0.113809
37,2018-02-26,0.40769575457294954,0.112855
38,2018-02-27,0.5528751822855884,0.148325
39,2018-02-28,0.539721329340528,0.145695
40,2018-03-01,0.5227479157789192,0.162398
41,2018-03-02,0.07829536614926991,0.147388
42,2018-03-05,0.4159238337662563,0.147737
43,2018-03-06,0.4169795560831152,0.123347
44,2018-03-07,0.030427920016911806,0.132885
45,2018-03-08,0.031210573128304157,0.119376
46,2018-03-09,0.4401396480867945,0.101305
47,2018-03-12,0.32636131320462886,0.118476
48,2018-03-13,0.3175038674430489,0.126277
49,2018-03-14,0.05038639149927991,0.123087
50,2018-03-15,0.20915694084298345,0.121113
51,2018-03-16,0.25972947526176293,0.116196
52,2018-03-19,0.013713304111244712,0.148615
53,2018-03-20,0.013711601074803362,0.144848
54,2018-03-21,0.08039425650957079,0.146502
55,2018-03-22,0.08153534146013554,0.185592
56,2018-03-23,0.07919134110142913,0.19953
57,2018-03-26,0.02765772720318501,0.170917
58,2018-03-27,0.0203152962080376,0.184068
59,2018-03-28,0.050249875717787,0.195368
60,2018-03-29,0.050182421308356324,0.184163
61,2018-04-02,0.06830459744567911,0.208786
62,2018-04-03,0.06133968397303166,0.187839
63,2018-04-04,0.03313882048984874,0.186504
64,2018-04-05,0.033397231537568024,0.169318
65,2018-04-06,0.06935732264475584,0.184585
66,2018-04-09,0.05518749803421783,0.186473
67,2018-04-10,0.05269630525044157,0.171309
68,2018-04-11,0.05351503676522703,0.172481
69,2018-04-12,0.050333862447450264,0.160147
70,2018-04-13,0.05340833159855626,0.146219
71,2018-04-16,0.05060313258136004,0.142125
72,2018-04-17,0.050754908603121957,0.122973
73,2018-04-18,0.061193713658760966,0.124452
74,2018-04-19,0.05403108902653503,0.12734
75,2018-04-20,0.04669525448645452,0.139111
76,2018-04-23,0.04720007611840706,0.142117
77,2018-04-24,0.031649739528574465,0.150612
78,2018-04-25,0.04925020524630914,0.150679
79,2018-04-26,0.05071599081701847,0.141426
80,2018-04-27,0.037812675863048706,0.138046
81,2018-04-30,0.05023062117081741,0.134151
82,2018-05-01,0.04555475210403898,0.128073
83,2018-05-02,0.046585150422575265,0.133211
84,2018-05-03,0.043894667930398645,0.133885
85,2018-05-04,0.03623462256438052,0.117255
86,2018-05-07,0.029357479599160415,0.12266
87,2018-05-08,0.027688901230230715,0.116574
88,2018-05-09,0.03664672252050916,0.113921
89,2018-05-10,0.03476961992352894,0.104919
90,2018-05-11,0.030161290890747934,0.092644
91,2018-05-14,0.02585973970620096,0.100061
92,2018-05-15,0.029470679253847776,0.111273
93,2018-05-16,0.4468166135170378,0.103703
94,2018-05-17,0.4466092060056654,0.104208
95,2018-05-18,0.05335676277434,0.107164
96,2018-05-21,0.039593253336860305,0.09677
97,2018-05-22,0.037106021321004955,0.098884
98,2018-05-23,0.07451904781670364,0.091728
99,2018-05-24,0.07219595551764077,0.090271
100,2018-05-25,0.02406862466026979,0.094269
101,2018-05-29,0.01966771286362059,0.12642
102,2018-05-30,0.514730949835307,0.10377
103,2018-05-31,0.5069246401336572,0.107403
104,2018-06-01,0.0649428005555315,0.090684
105,2018-06-04,0.0688476772158602,0.089015
106,2018-06-05,0.1009021750395334,0.090328
107,2018-06-06,0.10821229813401582,0.079925
108,2018-06-07,0.10804700002197754,0.082277
109,2018-06-08,0.07943996469415122,0.080764
110,2018-06-11,0.038384434762446344,0.085894
111,2018-06-12,0.03872048272557264,0.084049
112,2018-06-13,0.051602991444306405,0.089697
113,2018-06-14,0.05298446751885154,0.087279
114,2018-06-15,0.029788623168455607,0.08576
115,2018-06-18,0.02376416049171701,0.092
116,2018-06-19,0.029742900132725375,0.102226
117,2018-06-20,0.06169200532222769,0.099579
118,2018-06-21,0.060469255414540034,0.11295
119,2018-06-22,0.03157430901905621,0.102097
120,2018-06-25,0.025147063684134274,0.136049
121,2018-06-26,0.046967180227647946,0.12427
122,2018-06-27,0.028859283878892,0.1516
123,2018-06-28,0.02881092027373787,0.132666
124,2018-06-29,0.028910995926328346,0.126301
125,2018-07-02,0.04936176355628134,0.120253
126,2018-07-03,0.044478575972714,0.121415
127,2018-07-05,0.027283243016824024,0.114985
128,2018-07-06,0.04145570617626371,0.101311
129,2018-07-09,0.036973871318668056,0.084771
130,2018-07-10,0.024574067905938832,0.090315
131,2018-07-11,0.026994813152075817,0.103922
132,2018-07-12,0.023333283206952188,0.093397
133,2018-07-13,0.031079033248923155,0.087697
134,2018-07-16,0.030400586118328677,0.091087
135,2018-07-17,0.030336399575007812,0.086809
136,2018-07-18,0.052780401780452964,0.089165
137,2018-07-19,0.04579100358271412,0.092206
138,2018-07-20,0.017326078240378566,0.092181
139,2018-07-23,0.03720265089866305,0.091588
140,2018-07-24,0.034118608669555586,0.094724
141,2018-07-25,0.024924063015567533,0.087591
142,2018-07-26,0.02551838981560976,0.092129
143,2018-07-27,0.03699059512680911,0.097092
144,2018-07-30,0.03803447065037697,0.102694
145,2018-07-31,0.03784173438985638,0.10223
146,2018-08-01,0.034022338379616275,0.097663
147,2018-08-02,0.02920790107607806,0.089865
148,2018-08-03,0.025262799274843106,0.083647
149,2018-08-06,0.05194254001544072,0.079109
150,2018-08-07,0.046593391457629,0.07608
151,2018-08-08,0.03324311955568834,0.083284
152,2018-08-09,0.03258014283231935,0.084006
153,2018-08-10,0.028460922288893038,0.094343
154,2018-08-13,0.022218066981679302,0.104726
155,2018-08-14,0.02271507093499187,0.092829
156,2018-08-15,0.03820877732822173,0.108877
157,2018-08-16,0.03449502494851237,0.095459
158,2018-08-17,0.039013299036406816,0.088273
159,2018-08-20,0.033471383619020204,0.087524
160,2018-08-21,0.03487927211177682,0.092549
161,2018-08-22,0.41332589080363824,0.088059
162,2018-08-23,0.41055061925833475,0.083738
163,2018-08-24,0.06065569452534855,0.080374
164,2018-08-27,0.1973790473139277,0.080425
165,2018-08-28,0.1973228717926206,0.079971
166,2018-08-29,0.5593509005711467,0.08485
167,2018-08-30,0.5544072588481345,0.090716
168,2018-08-31,0.025697885491688065,0.085401
169,2018-09-04,0.026715929278338203,0.089773
170,2018-09-05,0.05732829113413257,0.097387
171,2018-09-06,0.057998652686594966,0.101787
172,2018-09-07,0.05333048714808882,0.098221
173,2018-09-10,0.05703000584825272,0.096553
174,2018-09-11,0.05933398261499681,0.091574
175,2018-09-12,0.039332432485174124,0.090486
176,2018-09-13,0.043129032937737226,0.079612
177,2018-09-14,0.24567653999049846,0.080474
178,2018-09-17,0.02664786875116445,0.088765
179,2018-09-18,0.031368868390260624,0.088175
180,2018-09-19,0.46079972463604424,0.08554
181,2018-09-20,0.46924564318091666,0.080827
182,2018-09-21,0.06449866209303418,0.082511
183,2018-09-24,0.030149380931762,0.094218
184,2018-09-25,0.029477465661315358,0.088761
185,2018-09-26,0.024535431566994143,0.094739
186,2018-09-27,0.024676979297418956,0.095778
187,2018-09-28,0.024761229944326838,0.084971
188,2018-10-01,0.03780545411204549,0.087656
189,2018-10-02,0.03942454967924664,0.088883
190,2018-10-03,0.03329115511837921,0.08992
191,2018-10-04,0.03603882368311197,0.109477
192,2018-10-05,0.02738061309119634,0.11442
193,2018-10-08,0.047870643295395476,0.118356
194,2018-10-09,0.036265343085714954,0.133438
195,2018-10-10,0.026743105787184095,0.188922
196,2018-10-11,0.04265676462244176,0.228243
197,2018-10-12,0.04110652116598361,0.186142
198,2018-10-15,0.05041013790809798,0.189857
199,2018-10-16,0.044191641955088665,0.146407
200,2018-10-17,0.05836396126050384,0.144227
201,2018-10-18,0.05720198259227541,0.164517
202,2018-10-19,0.04878062141083409,0.164789
203,2018-10-22,0.04167686981371254,0.171204
204,2018-10-23,0.0428523191108462,0.171945
205,2018-10-24,0.04723017846234734,0.212852
206,2018-10-25,0.02561670309017142,0.201127
207,2018-10-26,0.05422799838887882,0.201883
208,2018-10-29,0.052704380470597896,0.203878
209,2018-10-30,0.055528357110505806,0.20498
210,2018-10-31,0.05451795132640893,0.191529
211,2018-11-01,0.047101514826113584,0.164438
212,2018-11-02,0.04311696097878412,0.163029
213,2018-11-05,0.04382601268652554,0.174955
214,2018-11-06,0.051312524788727366,0.168933
215,2018-11-07,0.036757175785606604,0.139001
216,2018-11-08,0.03575823816634515,0.136053
217,2018-11-09,0.03703950048979602,0.148474
218,2018-11-12,0.039149349907128615,0.169252
219,2018-11-13,0.04231771461619873,0.175571
220,2018-11-14,0.055195956696930094,0.186106
221,2018-11-15,0.049315463385787475,0.164923
222,2018-11-16,0.042654976774239926,0.15868
223,2018-11-19,0.046113568749253084,0.179471
224,2018-11-20,0.04403699180107222,0.205158
225,2018-11-21,0.4861333786323683,0.187949
226,2018-11-23,0.2192621619711977,0.183668
227,2018-11-26,0.053620137415437946,0.162324
228,2018-11-27,0.07064857742816223,0.164006
229,2018-11-28,0.1062100814450954,0.159476
230,2018-11-29,0.10457842644079943,0.16616
231,2018-11-30,0.4189797958289081,0.165855
232,2018-12-03,0.05142810791426319,0.135644
233,2018-12-04,0.03340068076542001,0.18339
234,2018-12-06,0.09068737581696582,0.179753
235,2018-12-07,0.07166930351598522,0.204657
236,2018-12-10,0.07341417101557009,0.204433
237,2018-12-11,0.07135024920639346,0.191544
238,2018-12-12,0.07831444285215626,0.197014
239,2018-12-13,0.07535311015045872,0.182395
240,2018-12-14,0.05884092646521651,0.189506
241,2018-12-17,0.034870135791264446,0.210202
242,2018-12-18,0.03590658068236752,0.22637
243,2018-12-19,0.39126786842766614,0.225438
244,2018-12-20,0.37029187188286683,0.240232
245,2018-12-21,0.3493547784221251,0.2724
246,2018-12-24,0.06656183373329683,0.322811
247,2018-12-26,0.07319311483344225,0.258128
248,2018-12-27,0.0775198777504354,0.259163
249,2018-12-28,0.07221342761223006,0.246299
250,2018-12-31,0.053854484285018114,0.203946
251,2019-01-02,0.05496934845012737,0.203127
252,2019-01-03,0.05953614426786052,0.23651
253,2019-01-04,0.05197267946311677,0.189803
254,2019-01-07,0.08235202051976019,0.188867
255,2019-01-08,0.0534765019840796,0.1742
256,2019-01-09,0.05526160016350441,0.171203
257,2019-01-10,0.056320841520644135,0.171948
258,2019-01-11,0.039657922987244604,0.150963
259,2019-01-14,0.04446291348877912,0.167539
260,2019-01-15,0.04296832142345814,0.149004
261,2019-01-16,0.06736229298863249,0.151006
262,2019-01-17,0.06093238995174593,0.144598
263,2019-01-18,0.050866974008865154,0.139482
264,2019-01-22,0.04357735157462154,0.153775
265,2019-01-23,0.04123380769174989,0.163983
266,2019-01-24,0.040519541326186695,0.155247
267,2019-01-25,0.0391643512124275,0.141905
268,2019-01-28,0.04730811106680815,0.157347
269,2019-01-29,0.04836318126036827,0.162378
270,2019-01-30,0.05193286359576043,0.149456
271,2019-01-31,0.04198521478662,0.145198
272,2019-02-01,0.03676924169946852,0.133428
273,2019-02-04,0.039278658595072284,0.125608
274,2019-02-05,0.04363130399433058,0.128895
275,2019-02-06,0.04240352200737315,0.130303
276,2019-02-07,0.04392625991879762,0.135675
277,2019-02-08,0.032116049093503005,0.124491
278,2019-02-11,0.04650047912339935,0.134317
279,2019-02-12,0.04577193938770852,0.12678
280,2019-02-13,0.4923201869478374,0.127445
281,2019-02-14,0.4902953611421037,0.134695
282,2019-02-15,0.09021949746630667,0.116508
283,2019-02-19,0.09377589966661844,0.118962
284,2019-02-20,0.11441177863857989,0.114884
285,2019-02-21,0.11175768921014871,0.116528
286,2019-02-22,0.07982180342637007,0.109257
287,2019-02-25,0.08177890035185958,0.115762
288,2019-02-26,0.08278095444547665,0.120984
289,2019-02-27,0.43155971636837304,0.119367
290,2019-02-28,0.4287268799843049,0.113703
291,2019-03-01,0.07930362656849621,0.103584
292,2019-03-04,0.07568014356228006,0.11091
293,2019-03-05,0.07741549575584339,0.119109
294,2019-03-06,0.11032046311714594,0.126194
295,2019-03-07,0.10381627446216575,0.139052
296,2019-03-08,0.07951274034547723,0.134305
297,2019-03-11,0.09188912607559757,0.118185
298,2019-03-12,0.09531812988311136,0.106624
299,2019-03-13,0.10113987447793912,0.107771
300,2019-03-14,0.1014528951796442,0.107463
301,2019-03-15,0.1231324357172253,0.103692
302,2019-03-18,0.03338583536806936,0.112765
303,2019-03-19,0.04611367432945241,0.115838
304,2019-03-20,0.05951070583844732,0.12394
305,2019-03-21,0.045230564561369674,0.116373
306,2019-03-22,0.04075633278808483,0.149908
307,2019-03-25,0.03988557154349602,0.149495
308,2019-03-26,0.034757151365933985,0.127656
309,2019-03-27,0.036691711441825016,0.136529
310,2019-03-28,0.04232214397774923,0.130852
311,2019-03-29,0.03340432923405644,0.122178
312,2019-04-01,0.0318567109327181,0.115548
313,2019-04-02,0.07162102897811094,0.1101
314,2019-04-03,0.03612016924083926,0.121808
315,2019-04-04,0.03474156509800829,0.113356
316,2019-04-05,0.025293265681049382,0.100059
317,2019-04-08,0.026075972880039988,0.10467
318,2019-04-09,0.02597858676609065,0.108461
319,2019-04-10,0.028675437258964865,0.108294
320,2019-04-11,0.032957825977738664,0.110004
321,2019-04-12,0.02575222056612398,0.096055
322,2019-04-15,0.027059627164635062,0.100624
323,2019-04-16,0.025020092122451626,0.098279
324,2019-04-17,0.05332676063215963,0.107789
325,2019-04-18,0.05022922779667289,0.101374
326,2019-04-22,0.02773826611623319,0.103129
327,2019-04-23,0.025376676784863238,0.095821
328,2019-04-24,0.016280710783325252,0.109775
329,2019-04-25,0.016180917640952676,0.109759
330,2019-04-26,0.014161045270105458,0.100096
331,2019-04-29,0.028619457578890645,0.10171
332,2019-04-30,0.02866363245036931,0.103643
333,2019-05-01,0.034196455370182004,0.119333
334,2019-05-02,0.03492396698399322,0.117566
335,2019-05-03,0.03018344835522748,0.105338
336,2019-05-06,0.03314950481699459,0.123096
337,2019-05-07,0.04295885638210541,0.17387
338,2019-05-08,0.022673108199736742,0.177692
339,2019-05-09,0.021633674664249248,0.172613
340,2019-05-10,0.03574707889582534,0.134005
341,2019-05-13,0.045200393095859506,0.187644
342,2019-05-14,0.04552948828469494,0.16579
343,2019-05-15,0.0405415789464435,0.150166
344,2019-05-16,0.040055837041644816,0.134568
345,2019-05-17,0.037417358232846136,0.141435
346,2019-05-20,0.04072465620263106,0.153582
347,2019-05-21,0.038930303267319395,0.132704
348,2019-05-22,0.2778379099448805,0.130949
349,2019-05-23,0.26518576019523893,0.149892
350,2019-05-24,0.08519008109823488,0.138984
351,2019-05-28,0.08136263686455456,0.166385
352,2019-05-29,0.30144831886577445,0.170329
353,2019-05-30,0.3022453025520692,0.154811
354,2019-05-31,0.07161013827921235,0.178421
355,2019-06-03,0.08811112944341319,0.17883
356,2019-06-04,0.10606573929964608,0.156316
357,2019-06-05,0.11551255559708733,0.144493
358,2019-06-06,0.12199687921538212,0.137002
359,2019-06-07,0.12594448648171344,0.136713
360,2019-06-10,0.03788817017454108,0.139003
361,2019-06-11,0.08062808356669046,0.138423
362,2019-06-12,0.1347201914300361,0.137359
363,2019-06-13,0.13798112616265987,0.131994
364,2019-06-14,0.0818797136320678,0.133073
365,2019-06-17,0.08387569564795624,0.134063
366,2019-06-18,0.09397509129260563,0.128779
367,2019-06-19,0.35543496314502865,0.127688
368,2019-06-20,0.36629851387057005,0.129732
369,2019-06-21,0.06123180913579534,0.135081
370,2019-06-24,0.04293951371655471,0.132682
371,2019-06-25,0.0448763787857048,0.146767
372,2019-06-26,0.02050443932331512,0.148721
373,2019-06-27,0.020561901099637875,0.148244
374,2019-06-28,0.04091309670636896,0.135107
375,2019-07-01,0.03370837138123178,0.115759
376,2019-07-02,0.02985258533882784,0.104164
377,2019-07-03,0.035779109088402546,0.102791
378,2019-07-05,0.025519221416011754,0.100271
379,2019-07-08,0.03356319302248822,0.116199
380,2019-07-09,0.03792645870317164,0.123373
381,2019-07-10,0.03990951367259292,0.109382
382,2019-07-11,0.0381498048424963,0.10766
383,2019-07-12,0.024838297689727694,0.099223
384,2019-07-15,0.03371117732088508,0.103774
385,2019-07-16,0.03480161081296352,0.104937
386,2019-07-17,0.06025827943097242,0.11849
387,2019-07-18,0.05046891599971758,0.11145
388,2019-07-19,0.03273231371510424,0.118687
389,2019-07-22,0.03653388875413906,0.112752
390,2019-07-23,0.03437528752939845,0.101248
391,2019-07-24,0.0358393308578489,0.101035
392,2019-07-25,0.03405828509049676,0.10196
393,2019-07-26,0.027552372408922707,0.099796
394,2019-07-29,0.03536068892020426,0.10906
395,2019-07-30,0.03667727023964185,0.11169
396,2019-07-31,0.019206471682897464,0.138633
397,2019-08-01,0.020197949547788325,0.161018
398,2019-08-02,0.019161241152087304,0.164083
399,2019-08-05,0.05460150053966207,0.218973
400,2019-08-06,0.05363582126954471,0.17865
401,2019-08-07,0.05156628041214155,0.186293
402,2019-08-08,0.04357460912862089,0.139363
403,2019-08-09,0.04530110387767303,0.152249
404,2019-08-12,0.05619029515712975,0.188979
405,2019-08-13,0.047497094837071055,0.149619
406,2019-08-14,0.059871299131020884,0.214177
407,2019-08-15,0.05725129246751797,0.202515
408,2019-08-16,0.05208149758759657,0.166513
409,2019-08-19,0.050113204098393205,0.150824
410,2019-08-20,0.0500860084428171,0.158863
411,2019-08-21,0.30383026577035355,0.140604
412,2019-08-22,0.3037158636165039,0.145744
413,2019-08-23,0.039473317218625355,0.174319
414,2019-08-26,0.08627260127384664,0.165299
415,2019-08-27,0.08829244771326607,0.182981
416,2019-08-28,0.10387620414277303,0.168617
417,2019-08-29,0.1141107230558818,0.150979
418,2019-08-30,0.30397082711680284,0.161063
419,2019-09-03,0.05124217674006766,0.164732
420,2019-09-04,0.10652223791186854,0.143262
421,2019-09-05,0.11740770684956436,0.126337
422,2019-09-06,0.07907432669090085,0.117225
423,2019-09-09,0.08178784747434464,0.118886
424,2019-09-10,0.08028590949229812,0.113439
425,2019-09-11,0.11256990702975934,0.115119
426,2019-09-12,0.11638675313212152,0.114772
427,2019-09-13,0.09513972366784845,0.106148
428,2019-09-16,0.09457647939766672,0.120179
429,2019-09-17,0.0963775177568251,0.116319
430,2019-09-18,0.41164613223616064,0.115209
431,2019-09-19,0.41160361996619704,0.114443
432,2019-09-20,0.08241835398830205,0.134253
433,2019-09-23,0.04060766789144613,0.131303
434,2019-09-24,0.04288801600580635,0.147321
435,2019-09-25,0.044736628517584094,0.140952
436,2019-09-26,0.04334198527600739,0.139979
437,2019-09-27,0.0443090726500695,0.149
438,2019-09-30,0.04650082854869481,0.147204
439,2019-10-01,0.04751235824666162,0.165991
440,2019-10-02,0.022724116153725136,0.192252
441,2019-10-03,0.05050648610929746,0.177375
442,2019-10-04,0.04939115320299342,0.154773
443,2019-10-07,0.05234610320274585,0.168534
444,2019-10-08,0.054769886237209964,0.192524
445,2019-10-09,0.022597411217250327,0.175971
446,2019-10-10,0.020979220493623354,0.164174
447,2019-10-11,0.04753060811636226,0.146861
448,2019-10-14,0.04211653670720133,0.134641
449,2019-10-15,0.039933684934907836,0.121044
450,2019-10-16,0.04941684182026935,0.124807
451,2019-10-17,0.04646999910381258,0.121309
452,2019-10-18,0.04237468471652521,0.132145
453,2019-10-21,0.03911508756963064,0.122312
454,2019-10-22,0.03934387701478002,0.126846
455,2019-10-23,0.04147712609916127,0.121202
456,2019-10-24,0.04163777089273386,0.121667
457,2019-10-25,0.03790006207035743,0.108515
458,2019-10-28,0.03882037708605739,0.114481
459,2019-10-29,0.03741626258449965,0.11376
460,2019-10-30,0.03690280520665558,0.103845
461,2019-10-31,0.035491953630597366,0.105765
462,2019-11-01,0.03370472479808249,0.096347
463,2019-11-04,0.03539299793639512,0.104015
464,2019-11-05,0.03512470567201992,0.105215
465,2019-11-06,0.037610443187728534,0.107453
466,2019-11-07,0.03634176114329545,0.106161
467,2019-11-08,0.034206705548823324,0.097692
468,2019-11-11,0.03538285833523508,0.108703
469,2019-11-12,0.03423798802873328,0.105101
470,2019-11-13,0.03997868231142522,0.114149
471,2019-11-14,0.03768680310729491,0.107762
472,2019-11-15,0.03410436766612403,0.096329
473,2019-11-18,0.03478663161211676,0.102253
474,2019-11-19,0.03559939055003837,0.104595
475,2019-11-20,0.36895026162253336,0.101147
476,2019-11-21,0.3675262362910488,0.108939
477,2019-11-22,0.08473049229200917,0.100167
478,2019-11-25,0.1756832701559758,0.092187
479,2019-11-26,0.04984685284820922,0.090237
480,2019-11-27,0.05204722541865686,0.09069
481,2019-11-29,0.07699668627018919,0.096822
482,2019-12-02,0.34663129756262134,0.117142
483,2019-12-03,0.03733412658992081,0.133906
484,2019-12-04,0.07908379668296292,0.126371
485,2019-12-05,0.07963114022761307,0.120489
486,2019-12-06,0.08906468224078835,0.10514
487,2019-12-09,0.07744095369051077,0.122031
488,2019-12-10,0.07926936968724267,0.121633
489,2019-12-11,0.0989716347719634,0.125403
490,2019-12-12,0.1059805764704099,0.109675
491,2019-12-13,0.08840338353342964,0.095764
492,2019-12-16,0.08451863003324418,0.093948
493,2019-12-17,0.0844844059809097,0.091259
494,2019-12-18,0.5705418273189259,0.099631
495,2019-12-19,0.5742176559040666,0.093632
496,2019-12-20,0.5780271632210556,0.103788
497,2019-12-23,0.03378119548358718,0.096625
498,2019-12-24,0.03322027903778511,0.096535
499,2019-12-26,0.02916009112915504,0.093792
500,2019-12-27,0.03608833654877801,0.106508
501,2019-12-30,0.03193972081409906,0.119542
502,2019-12-31,0.03519240587328888,0.110735
503,2020-01-02,0.02915924216187241,0.09849
504,2020-01-03,0.03694223261560752,0.123866
505,2020-01-06,0.03615332539821399,0.11365
506,2020-01-07,0.0370409705383272,0.116109
507,2020-01-08,0.038605651399011655,0.117241
508,2020-01-09,0.035404498546650745,0.10155
509,2020-01-10,0.03650330999936904,0.102205
510,2020-01-13,0.03447937499991489,0.101459
511,2020-01-14,0.035369087976957876,0.105114
512,2020-01-15,0.03736430212005736,0.103715
513,2020-01-16,0.036636387715967424,0.099012
514,2020-01-17,0.036310002228064533,0.099434
515,2020-01-21,0.03417266978312558,0.108412
516,2020-01-22,0.05500344638066732,0.114956
517,2020-01-23,0.04988123851115585,0.11113
518,2020-01-24,0.03957795098260139,0.125253
519,2020-01-27,0.04618077541219339,0.164131
520,2020-01-28,0.04713155544796969,0.14517
521,2020-01-29,0.021009611710476588,0.146779
522,2020-01-30,0.019948711949500052,0.141074
523,2020-01-31,0.051269609084298624,0.167863
524,2020-02-03,0.04907163265117735,0.162244
525,2020-02-04,0.045721785368567164,0.140317
526,2020-02-05,0.04347107064175302,0.127192
527,2020-02-06,0.04447281577110352,0.126053
528,2020-02-07,0.043758253032790816,0.131611
529,2020-02-10,0.04068130377912067,0.123494
530,2020-02-11,0.04066991144609082,0.123591
531,2020-02-12,0.0417132445667643,0.114477
532,2020-02-13,0.040672505951859395,0.116977
533,2020-02-14,0.03911466059358495,0.109025
534,2020-02-18,0.039972751122117685,0.117052
535,2020-02-19,0.34530106789903975,0.11695
536,2020-02-20,0.3410156866119013,0.124175
537,2020-02-21,0.08527540876358226,0.140804
538,2020-02-24,0.06977941274926802,0.215455
539,2020-02-25,0.0851787848616729,0.248432
540,2020-02-26,0.12806478077243255,0.244126
541,2020-02-27,0.10236822721517133,0.356896
542,2020-02-28,0.10663811908787581,0.343038
543,2020-03-02,0.09911780425102083,0.256093
544,2020-03-03,0.0957953337348581,0.328182
545,2020-03-04,0.16858611195036585,0.256308
546,2020-03-05,0.1463326642087982,0.347092
547,2020-03-06,0.11143991403984625,0.359669
548,2020-03-09,0.09157429837925063,0.511927
549,2020-03-10,0.16963293385176004,0.408583
550,2020-03-11,0.14042285817917138,0.51375
551,2020-03-12,0.12030841953089785,0.728313
552,2020-03-13,0.1566240090786049,0.494099
553,2020-03-16,0.11180210759142879,0.768817
554,2020-03-17,0.12760754340403777,0.646076
555,2020-03-18,0.5371297593949081,0.690348
556,2020-03-19,0.546074606731915,0.678787
557,2020-03-20,0.14068358015671645,0.610721
558,2020-03-23,0.13242972739511083,0.575599
559,2020-03-24,0.14603538232278648,0.551599
560,2020-03-25,0.1617910057635666,0.576214
561,2020-03-26,0.15685982289592892,0.537812
562,2020-03-27,0.12577347300971345,0.564674
563,2020-03-30,0.10970142902438809,0.479451
564,2020-03-31,0.10599767501222994,0.442735
565,2020-04-01,0.14372773432818994,0.519778
566,2020-04-02,0.13061387932864457,0.457886
567,2020-04-03,0.10510298388773046,0.41497
568,2020-04-06,0.11033905132255377,0.399616
569,2020-04-07,0.11575347291142873,0.41451
570,2020-04-08,0.11231673384178502,0.376645
571,2020-04-09,0.10899986070585925,0.369455
572,2020-04-13,0.08638475538364615,0.368326
573,2020-04-14,0.08937952958161524,0.326498
574,2020-04-15,0.1152967738391196,0.360295
575,2020-04-16,0.1253336417324401,0.364211
576,2020-04-17,0.09209081464232302,0.31612
577,2020-04-20,0.09510542283791155,0.380678
578,2020-04-21,0.09771626193871842,0.418117
579,2020-04-22,0.10936458919435008,0.373279
580,2020-04-23,0.1062702675216027,0.365
581,2020-04-24,0.08974008404999581,0.305639
582,2020-04-27,0.0789840814172071,0.279784
583,2020-04-28,0.07884317682920272,0.287802
584,2020-04-29,0.08045814478898246,0.258499
585,2020-04-30,0.08861631809616823,0.294266
586,2020-05-01,0.07717907611197901,0.304993
587,2020-05-04,0.08128982182368388,0.302986
588,2020-05-05,0.07996906342251014,0.287212
589,2020-05-06,0.08339768222037883,0.30141
590,2020-05-07,0.07634374974447333,0.268938
591,2020-05-08,0.06968678085881909,0.230873
592,2020-05-11,0.06797311449697165,0.241164
593,2020-05-12,0.07452788324449798,0.279218
594,2020-05-13,0.0850408886173095,0.313408
595,2020-05-14,0.07640720959957191,0.274817
596,2020-05-15,0.07696312250320972,0.264672
597,2020-05-18,0.07560669782581247,0.242767
598,2020-05-19,0.07944998827180477,0.264901
599,2020-05-20,0.43048865537178144,0.233431
600,2020-05-21,0.4222898850388663,0.241835
601,2020-05-22,0.12983304071874063,0.23414
602,2020-05-26,0.12486989784605664,0.224634
603,2020-05-27,0.21157392148121473,0.218411
604,2020-05-28,0.21123195117125834,0.235596
605,2020-05-29,0.1148741894507071,0.227276
606,2020-06-01,0.1114376939333542,0.227564
607,2020-06-02,0.15863195266330332,0.210901
608,2020-06-03,0.17084486898282256,0.205058
609,2020-06-04,0.16701987126810178,0.203644
610,2020-06-05,0.1477511117646804,0.184796
611,2020-06-08,0.12325874825594281,0.202994
612,2020-06-09,0.11946326347131936,0.226434
613,2020-06-10,0.1693367852489663,0.230245
614,2020-06-11,0.12714694854231579,0.344352
615,2020-06-12,0.08964816669655519,0.299807
616,2020-06-15,0.11120124391687589,0.277803
617,2020-06-16,0.14917497129302826,0.26771
618,2020-06-17,0.4975558367444322,0.280015
619,2020-06-18,0.49563919026880066,0.264102
620,2020-06-19,0.13020807657592437,0.27872
621,2020-06-22,0.07221008574959445,0.260579
622,2020-06-23,0.07400421843779445,0.25849
623,2020-06-24,0.08132420421350563,0.29377
624,2020-06-25,0.0753320542893471,0.266027
625,2020-06-26,0.07415302250548447,0.292988
626,2020-06-29,0.07013152383724885,0.258011
627,2020-06-30,0.07127666409344373,0.255364
628,2020-07-01,0.07137659579347107,0.231741
629,2020-07-02,0.06590458271541325,0.220472
630,2020-07-06,0.06037035955276204,0.220347
631,2020-07-07,0.06416663779758812,0.237808
632,2020-07-08,0.07049216880856717,0.230323
633,2020-07-09,0.07252139484341065,0.245628
634,2020-07-10,0.06912275144979113,0.226435
635,2020-07-13,0.07030329224900199,0.263603
636,2020-07-14,0.07153879540297199,0.242551
637,2020-07-15,0.07161821515310439,0.228343
638,2020-07-16,0.06917292109752397,0.22427
639,2020-07-17,0.06312152709658525,0.206456
640,2020-07-20,0.05993255346759578,0.204897
641,2020-07-21,0.058685742061366085,0.199027
642,2020-07-22,0.06828688773451112,0.194888
643,2020-07-23,0.06500618416234955,0.208421
644,2020-07-24,0.06135424426689954,0.206978
645,2020-07-27,0.05879038258211849,0.200204
646,2020-07-28,0.05921806091623904,0.207016
647,2020-07-29,0.059393582670829816,0.190675
648,2020-07-30,0.06278885306403292,0.205889
649,2020-07-31,0.05659279911813353,0.181135
650,2020-08-03,0.05853068608709069,0.197336
651,2020-08-04,0.0546601689997974,0.184289
652,2020-08-05,0.05973373993310153,0.186627
653,2020-08-06,0.05386097258040598,0.172082
654,2020-08-07,0.05338855608741829,0.169525
655,2020-08-10,0.04844602814329043,0.168355
656,2020-08-11,0.05372219791251979,0.190173
657,2020-08-12,0.056976601433860394,0.176724
658,2020-08-13,0.055719343691728575,0.17497
659,2020-08-14,0.05044346219748285,0.167174
660,2020-08-17,0.05134434981649441,0.167731
661,2020-08-18,0.04939169742451215,0.162415
662,2020-08-19,0.5754722289960471,0.17297
663,2020-08-20,0.5792161875173049,0.169572
664,2020-08-21,0.1082572393043783,0.163652
665,2020-08-24,0.592159722005746,0.155237
666,2020-08-25,0.6251323542256916,0.15799
667,2020-08-26,0.1640099333009283,0.171682
668,2020-08-27,0.166773082501807,0.181299
669,2020-08-28,0.7271920777339476,0.165627
670,2020-08-31,0.6237650949443392,0.209165
671,2020-09-01,0.6267014085949636,0.180938
672,2020-09-02,0.18223563038276067,0.204527
673,2020-09-03,0.15251889476147698,0.257411
674,2020-09-04,0.7092926847248567,0.232623
675,2020-09-08,0.7456118453316998,0.257011
676,2020-09-09,0.06254140370582383,0.236893
677,2020-09-10,0.05587917925760401,0.254323
678,2020-09-11,0.7461459886798545,0.227028
679,2020-09-14,0.7572454500582618,0.217124
680,2020-09-15,0.7608158780547212,0.210467
681,2020-09-16,0.5803638491756807,0.212842
682,2020-09-17,0.5687834711400899,0.212317
683,2020-09-18,0.5544729211537613,0.217434
684,2020-09-21,0.07053294726997182,0.236839
685,2020-09-22,0.07187183277286374,0.226142
686,2020-09-23,0.06408035687234702,0.249886
687,2020-09-24,0.06347862617302884,0.250364
688,2020-09-25,0.05216020981052383,0.224276
689,2020-09-28,0.06275216126095341,0.221803
690,2020-09-29,0.08331993108151285,0.238811
691,2020-09-30,0.07018159643718618,0.243062
692,2020-10-01,0.06588174273621963,0.230547
693,2020-10-02,0.041235693824947295,0.236349
694,2020-10-05,0.05219880677532508,0.250315
695,2020-10-06,0.046170156299272486,0.266859
696,2020-10-07,0.02886229138184808,0.255451
697,2020-10-08,0.02589166607955843,0.230657
698,2020-10-09,0.05202263284776391,0.210029
699,2020-10-12,0.048470738668928266,0.21717
700,2020-10-13,0.04790925793978837,0.231955
701,2020-10-14,0.02737419993875498,0.234706
702,2020-10-15,0.026840859763911228,0.233424
703,2020-10-16,0.039586615582416614,0.235425
704,2020-10-19,0.03221894858169688,0.26294
705,2020-10-20,0.04460243906037407,0.266281
706,2020-10-21,0.08746374453992499,0.260701
707,2020-10-22,0.07541924998951256,0.246191
708,2020-10-23,0.07105099627172219,0.234337
709,2020-10-26,0.09221984873287618,0.288135
710,2020-10-27,0.046858015174790484,0.293348
711,2020-10-28,0.058122675342722016,0.354994
712,2020-10-29,0.06485923448803195,0.337526
713,2020-10-30,0.08361685732026689,0.315247
714,2020-11-02,0.08207972530226144,0.305995
715,2020-11-03,0.08256081046042625,0.296325
716,2020-11-04,0.07471998015701448,0.247906
717,2020-11-05,0.07349030461841548,0.237947
718,2020-11-06,0.05214940251292892,0.210574
719,2020-11-09,0.049072485924780196,0.213063
720,2020-11-10,0.046455666347236774,0.206009
721,2020-11-11,0.06318065176669643,0.19281
722,2020-11-12,0.0659260641875652,0.210057
723,2020-11-13,0.04259364764813944,0.189403
724,2020-11-16,0.05006003672299792,0.17322
725,2020-11-17,0.05131256495237461,0.184807
726,2020-11-18,0.6753512367280486,0.198939
727,2020-11-19,0.6778269088901282,0.182723
728,2020-11-20,0.09330939363290251,0.193266
729,2020-11-23,0.5586342563731214,0.178915
730,2020-11-24,0.10401336673359479,0.16917
731,2020-11-25,0.1020811440473296,0.165632
732,2020-11-27,0.04342628579374435,0.158392
733,2020-11-30,0.4426760703851904,0.159259
734,2020-12-01,0.6610410082587499,0.168164
735,2020-12-02,0.6629325771904416,0.163673
736,2020-12-03,0.6609827656504584,0.158613
737,2020-12-04,0.03738736679617454,0.154332
738,2020-12-07,0.035510768217572666,0.170339
739,2020-12-08,0.03635734503122563,0.165426
740,2020-12-09,0.0693238770935295,0.1908
741,2020-12-10,0.06727657951572456,0.183229
742,2020-12-11,0.4819553736033642,0.183365
743,2020-12-14,0.5575020733759096,0.204881
744,2020-12-15,0.090700996362016,0.175145
745,2020-12-16,0.7433248885245589,0.175336
746,2020-12-17,0.7477325838418328,0.165083
747,2020-12-18,0.7449203394944163,0.190287
748,2020-12-21,0.06509722189852861,0.193293
749,2020-12-22,0.06866745279716094,0.187594
750,2020-12-23,0.05901784294862128,0.190045
751,2020-12-24,0.05177378528905108,0.167731
752,2020-12-28,0.06674454729771322,0.169502
753,2020-12-29,0.05999722949322636,0.176363
754,2020-12-30,0.05678504171280835,0.181086
755,2020-12-31,0.05754019075176643,0.182288
756,2021-01-04,0.07629607897231669,0.214043
757,2021-01-05,0.07042782514785349,0.194307
758,2021-01-06,0.05395437798240652,0.202372
759,2021-01-07,0.050741244963494,0.177902
760,2021-01-08,0.046234800971911724,0.167234
761,2021-01-11,0.06560310467701222,0.195734
762,2021-01-12,0.08387490671435407,0.194847
763,2021-01-13,0.05665010617938055,0.17907
764,2021-01-14,0.05687319464273756,0.188072
765,2021-01-15,0.0560018556860877,0.189784
766,2021-01-19,0.06617477508428285,0.183265
767,2021-01-20,0.06605586177226687,0.172729
768,2021-01-21,0.06111778164799547,0.169466
769,2021-01-22,0.07518876912461699,0.167551
770,2021-01-25,0.06657811362579019,0.17675
771,2021-01-26,0.0633284662179088,0.178658
772,2021-01-27,0.05776467475843317,0.257502
773,2021-01-28,0.05622255681264654,0.237472
774,2021-01-29,0.07165409981906654,0.269338
775,2021-02-01,0.06643545559109346,0.234365
776,2021-02-02,0.06085007052946879,0.197649
777,2021-02-03,0.056695917756762866,0.192966
778,2021-02-04,0.04458920208744186,0.164424
779,2021-02-05,0.04507676813935031,0.162154
780,2021-02-08,0.04182918334936078,0.157962
781,2021-02-09,0.05541937529734137,0.165972
782,2021-02-10,0.021913574909784298,0.172207
783,2021-02-11,0.021344393858396857,0.166475
784,2021-02-12,0.05968340337716139,0.150804
785,2021-02-16,0.06868481760027535,0.169219
786,2021-02-17,0.7025054500845153,0.161603
787,2021-02-18,0.6995746860947877,0.168444
788,2021-02-19,0.5023632553396575,0.163142
789,2021-02-22,0.4959693554197808,0.183619
790,2021-02-23,0.5836661467011655,0.183501
791,2021-02-24,0.12036356331783651,0.165845
792,2021-02-25,0.1052892876890178,0.236483
793,2021-02-26,0.6399499273919844,0.232832
794,2021-03-01,0.6070186004763941,0.166044
795,2021-03-02,0.10974407202891809,0.188282
796,2021-03-03,0.09962557300369415,0.215319
797,2021-03-04,0.08875180647539369,0.224264
798,2021-03-05,0.6867074444134587,0.183941
799,2021-03-08,0.732955344161068,0.218348
800,2021-03-09,0.7401405993461515,0.194216
801,2021-03-10,0.7437259276754098,0.176168
802,2021-03-11,0.03661587650500643,0.163883
803,2021-03-12,0.6819658860868341,0.157365
804,2021-03-15,0.6208571693348992,0.153138
805,2021-03-16,0.6204489886588443,0.155492
806,2021-03-17,0.4141808071794648,0.147082
807,2021-03-18,0.39889214212142005,0.170439
808,2021-03-19,0.3356980349141744,0.16419
809,2021-03-22,0.052233728903508934,0.140372
810,2021-03-23,0.054832617775922084,0.157575
811,2021-03-24,0.07055417742786797,0.171534
812,2021-03-25,0.04359207450980351,0.156653
813,2021-03-26,0.035824563549448483,0.138941
814,2021-03-29,0.05452283549651755,0.158983
815,2021-03-30,,0.139761
816,2021-03-31,0.07204867274013099,0.155576
817,2021-04-01,0.04730366696775037,0.133338
818,2021-04-05,0.04754278571256615,0.140555
819,2021-04-06,0.03756507176501509,0.138531
820,2021-04-07,0.044234910418219246,0.135743
821,2021-04-08,0.0305764492530385,0.129465
822,2021-04-09,0.04279463729759572,0.130335
823,2021-04-12,0.04268118192731694,0.133005
824,2021-04-13,0.04208015833829421,0.13161
825,2021-04-14,0.042091834558261106,0.135277
826,2021-04-15,0.03988706126039682,0.126272
827,2021-04-16,0.03458747628753438,0.128731
828,2021-04-19,0.03674810535095164,0.138486
829,2021-04-20,0.03805550445593056,0.155743
830,2021-04-21,0.04805329630099744,0.140088
831,2021-04-22,0.05529648418422085,0.157871
832,2021-04-23,0.03765252259873806,0.138324
833,2021-04-26,0.04545928719628747,0.139451
834,2021-04-27,0.05270767790740807,0.141634
835,2021-04-28,0.04400393624107107,0.138336
836,2021-04-29,0.04299098792531571,0.136146
837,2021-04-30,0.043013603888420855,0.141296
838,2021-05-03,0.03650395664151964,0.138737
839,2021-05-04,0.036616987508691995,0.148712
840,2021-05-05,0.04578167594464898,0.149446
841,2021-05-06,0.04296541012296814,0.138373
842,2021-05-07,0.050977161287578864,0.129052
843,2021-05-10,0.053921777453809897,0.14497
844,2021-05-11,0.05986652541456989,0.170185
845,2021-05-12,0.059310986123392584,0.228262
846,2021-05-13,0.05471918530115626,0.193379
847,2021-05-14,0.058490932648087045,0.146545
848,2021-05-17,0.05817001183610655,0.157444
849,2021-05-18,0.07266650195327828,0.174837
850,2021-05-19,0.4673587040800591,0.167823
851,2021-05-20,0.47742411431945386,0.151699
852,2021-05-21,0.11574541349829266,0.148669
853,2021-05-24,0.12059231640750055,0.133566
854,2021-05-25,0.11884868567491637,0.137887
855,2021-05-26,0.13847809004888348,0.126932
856,2021-05-27,0.14025314597544225,0.130712
857,2021-05-28,0.05791985004742302,0.117717
858,2021-06-01,0.5545347074478427,0.127888
859,2021-06-02,0.1413842737465183,0.127174
860,2021-06-03,0.13831678275673037,0.134888
861,2021-06-04,0.1458002252412415,0.118743
862,2021-06-07,0.520985206701454,0.119328
863,2021-06-08,0.5211977596711435,0.121744
864,2021-06-09,0.11773496399066392,0.129537
865,2021-06-10,0.1203118170382988,0.110133
866,2021-06-11,0.6838006138705555,0.106239
867,2021-06-14,0.041600282333187966,0.109282
868,2021-06-15,0.04073445432118976,0.116383
869,2021-06-16,0.3640659103412067,0.129571
870,2021-06-17,0.36362834275936406,0.124796
871,2021-06-18,0.6938208956199515,0.160929
872,2021-06-21,0.055950109295103384,0.132855
873,2021-06-22,0.043291340752190315,0.110995
874,2021-06-23,0.04205933377654699,0.121008
875,2021-06-24,0.03899853088861586,0.112728
876,2021-06-25,0.014834704413818407,0.107545
877,2021-06-28,0.03849291439704238,0.108796
878,2021-06-29,0.028844051273365406,0.110704
879,2021-06-30,0.04312353768749012,0.116969
880,2021-07-01,0.03773978113377828,0.109211
881,2021-07-02,0.033244648315336175,0.102873
882,2021-07-06,0.033129675422767055,0.115049
883,2021-07-07,0.039266119775876476,0.117638
884,2021-07-08,0.04273913734782416,0.133962
885,2021-07-09,0.03254364816347025,0.11097
886,2021-07-12,0.04013631137384062,0.11224
887,2021-07-13,0.039811328072722585,0.122271
888,2021-07-14,0.042094947668431026,0.122846
889,2021-07-15,0.04213331492135477,0.12492
890,2021-07-16,0.04017298934985476,0.139702
891,2021-07-19,0.0432474623864614,0.167672
892,2021-07-20,0.04057414938432096,0.149568
893,2021-07-21,0.046290234573720196,0.130649
894,2021-07-22,0.04581885642739996,0.132834
895,2021-07-23,0.032548778697425965,0.119013
896,2021-07-26,0.017063736621825212,0.121324
897,2021-07-27,0.024041396638117468,0.133152
898,2021-07-28,0.04677397677069594,0.137187
899,2021-07-29,0.04404851781442479,0.128226
900,2021-07-30,0.04722989561006399,0.129659
901,2021-08-02,0.0465919145786168,0.142401
902,2021-08-03,0.041833686274694755,0.127055
903,2021-08-04,0.04735042320257551,0.138554
904,2021-08-05,0.042248134021287444,0.124791
905,2021-08-06,0.04022901908592088,0.1205
906,2021-08-09,0.0342738692780955,0.120593
907,2021-08-10,0.03612872890729105,0.115405
908,2021-08-11,0.040209387959775376,0.11546
909,2021-08-12,0.0387678510004691,0.111851
910,2021-08-13,0.035695851079302315,0.102648
911,2021-08-16,0.03401813992858416,0.111366
912,2021-08-17,0.036895601254176354,0.125161
913,2021-08-18,0.418746703868366,0.15389
914,2021-08-19,0.41929487064725424,0.14987
915,2021-08-20,0.02962686755528144,0.123551
916,2021-08-23,0.3229776374877518,0.107251
917,2021-08-24,0.43118081686908083,0.106563
918,2021-08-25,0.39699457916105946,0.10501
919,2021-08-26,0.3906329357357552,0.121038
920,2021-08-27,0.6352887864383191,0.095741
921,2021-08-30,0.6574482861779727,0.101756
922,2021-08-31,0.4257140281095671,0.101892
923,2021-09-01,0.13593905620449848,0.096388
924,2021-09-02,0.13919267725842172,0.096112
925,2021-09-03,0.49620164492788066,0.088492
926,2021-09-07,0.11600838719796769,0.109274
927,2021-09-08,0.13484198473096565,0.107684
928,2021-09-09,0.13133590944417758,0.117949
929,2021-09-10,0.030300140516412465,0.136132
930,2021-09-13,0.03947903375182995,0.122946
931,2021-09-14,0.052040357761718455,0.130554
932,2021-09-15,0.20864456580298124,0.113488
933,2021-09-16,0.2071679144503324,0.131703
934,2021-09-17,0.09700195238043131,0.156392
935,2021-09-20,0.041173312828835844,0.201262
936,2021-09-21,0.05405846489167435,0.198954
937,2021-09-22,0.05216349227898734,0.163911
938,2021-09-23,0.04673020525183763,0.142078
939,2021-09-24,0.04576877358019144,0.133354
940,2021-09-27,0.03849521971497196,0.139346
941,2021-09-28,0.0539558185742594,0.190207
942,2021-09-29,0.056954931140839944,0.189626
943,2021-09-30,0.06139601546073273,0.21131
944,2021-10-01,0.04331362928086375,0.169456
945,2021-10-04,0.04775034546774809,0.199543
946,2021-10-05,0.04917990945640207,0.181505
947,2021-10-06,0.05555600326878812,0.179355
948,2021-10-07,0.04850568916003439,0.157293
949,2021-10-08,0.04222197279517418,0.154778
950,2021-10-11,0.037566060766016277,0.168281
951,2021-10-12,0.03930656702053218,0.167153
952,2021-10-13,0.047330794839877295,0.1531
953,2021-10-14,0.0419546687185111,0.130937
954,2021-10-15,0.04262241616158342,0.122373
955,2021-10-18,0.04239661053192463,0.127472
956,2021-10-19,0.03824637050216547,0.115354
957,2021-10-20,0.03850533745585299,0.115818
958,2021-10-21,0.04371174554581425,0.116338
959,2021-10-22,0.04069877742987514,0.119824
960,2021-10-25,0.03459616599083762,0.113181
961,2021-10-26,0.04215648266035976,0.12711
962,2021-10-27,0.04598389553141682,0.133887
963,2021-10-28,0.04029345726271606,0.121221
964,2021-10-29,0.03716270198078865,0.123611
965,2021-11-01,0.03438996483388988,0.122374
966,2021-11-02,0.03837513567950322,0.11799
967,2021-11-03,0.040065752701193724,0.117135
968,2021-11-04,0.03522075714491045,0.109104
969,2021-11-05,0.03481220040055426,0.116689
970,2021-11-08,0.039771852332712354,0.123838
971,2021-11-09,0.03993029711380519,0.130512
972,2021-11-10,0.04909936802230343,0.145848
973,2021-11-11,0.04514002792955597,0.137991
974,2021-11-12,0.03223560361936261,0.121693
975,2021-11-15,0.03112350186704838,0.125839
976,2021-11-16,0.03434406549928771,0.125424
977,2021-11-17,0.5761258943393692,0.127961
978,2021-11-18,0.5787646488234212,0.124542
979,2021-11-19,0.058044012069148734,0.130496
980,2021-11-22,0.3406360815890331,0.143333
981,2021-11-23,0.13825011301466875,0.141024
982,2021-11-24,0.14019345282996698,0.136087
983,2021-11-26,0.06927593015349637,0.210149
984,2021-11-29,0.4951793142559703,0.166728
985,2021-11-30,0.4761249061366679,0.216982
986,2021-12-01,0.3420699585502011,0.251363
987,2021-12-02,0.3524283310837766,0.20197
988,2021-12-03,0.08609935791951816,0.227504
989,2021-12-06,0.05641845206198362,0.197477
990,2021-12-07,0.06809679968882337,0.160615
991,2021-12-08,0.17064400353751527,0.151046
992,2021-12-09,0.1646919310162328,0.165022
993,2021-12-10,0.03163791561982818,0.137469
994,2021-12-13,0.2315882254490556,0.161006
995,2021-12-14,0.22298805307231734,0.164498
996,2021-12-15,0.17158981746677124,0.144018
997,2021-12-16,0.16427993472427677,0.167777
998,2021-12-17,0.15484543776826085,0.188721
999,2021-12-20,0.06829392601005686,0.196855
1000,2021-12-21,0.0362904618620887,0.164303
1001,2021-12-22,0.05623053577209336,0.14731
1002,2021-12-23,0.06295489438464379,0.140277
1003,2021-12-27,0.04202342611378682,0.127287
1004,2021-12-28,0.040361225252356664,0.128572
1005,2021-12-29,0.04867538998771264,0.131445
1006,2021-12-30,0.04494399570908751,0.129964
1007,2021-12-31,0.049531879848554276,0.127283
1008,2022-01-03,0.036517678855609935,0.119355
1009,2022-01-04,0.029220744754734403,0.125774
1010,2022-01-05,0.05525545842786666,0.163902
1011,2022-01-06,0.05183086283501239,0.159409
1012,2022-01-07,0.0387889235619545,0.153345
1013,2022-01-10,0.027680427496680732,0.150289
1014,2022-01-11,0.02947673715116991,0.142176
1015,2022-01-12,0.04317605083878945,0.143822
1016,2022-01-13,0.04464609402225849,0.163379
1017,2022-01-14,0.04033718730898597,0.159002
1018,2022-01-18,0.04826060652998006,0.196249
1019,2022-01-19,0.06702143817267746,0.205787
1020,2022-01-20,0.0669784563638381,0.215731
1021,2022-01-21,0.08934609431870351,0.270397
1022,2022-01-24,0.07764353165779896,0.247809
1023,2022-01-25,0.0821519103967342,0.262276
1024,2022-01-26,0.040386255545363285,0.26009
1025,2022-01-27,0.05348474997995067,0.267519
1026,2022-01-28,0.055271837810343304,0.217449
1027,2022-01-31,0.05511572622549191,0.200137
1028,2022-02-01,0.05148383583696264,0.183586
1029,2022-02-02,0.05157010899963475,0.171839
1030,2022-02-03,0.05816570436609658,0.218806
1031,2022-02-04,0.060713465212183335,0.199828
1032,2022-02-07,0.04716368828267751,0.191018
1033,2022-02-08,0.045359256161337305,0.176947
1034,2022-02-09,0.04818839372101973,0.158744
1035,2022-02-10,0.05667069822461767,0.205572
1036,2022-02-11,0.05172361220677671,0.236748
1037,2022-02-14,0.05158542292211768,0.244956
1038,2022-02-15,0.049396930956695825,0.204938
1039,2022-02-16,0.3291064419887183,0.197534
1040,2022-02-17,0.3076535595132687,0.235363
1041,2022-02-18,0.04030637165683211,0.234191
1042,2022-02-22,0.04966890959941645,0.249461
1043,2022-02-23,0.05115391592586288,0.269491
1044,2022-02-24,0.0682264618230948,0.241269
1045,2022-02-25,0.06005496528493268,0.221474
1046,2022-02-28,0.06065448529906346,0.244272
1047,2022-03-01,0.20627314154774787,0.287984
1048,2022-03-02,0.0879385193151516,0.252833
1049,2022-03-03,0.08313773245521947,0.254673
1050,2022-03-04,0.4531860980701337,0.270731
1051,2022-03-07,0.42393511159034336,0.310335
1052,2022-03-08,0.4133943009405999,0.302983
1053,2022-03-09,0.07012219293911708,0.269297
1054,2022-03-10,0.06623678014719718,0.272022
1055,2022-03-11,0.1242334957194684,0.266851
1056,2022-03-14,0.04808654575003602,0.284611
1057,2022-03-15,0.13490034172108803,0.255953
1058,2022-03-16,0.15030133496392561,0.216061
1059,2022-03-17,0.1597326461689732,0.19776
1060,2022-03-18,0.10196440482195629,0.186634
1061,2022-03-21,0.050928924345919745,0.192947
1062,2022-03-22,0.04673082500241918,0.177462
1063,2022-03-23,0.055920388909145934,0.194897
1064,2022-03-24,0.05080027756130437,0.172967
1065,2022-03-25,0.04324137607504805,0.159224
1066,2022-03-28,0.046964239931194175,0.151884
1067,2022-03-29,0.0457673505390189,0.146009
1068,2022-03-30,0.04767248831038394,0.154521
1069,2022-03-31,0.055167537198585394,0.185686
1070,2022-04-01,0.04013619889813297,0.156373
1071,2022-04-04,0.042272559999086606,0.143448
1072,2022-04-05,0.04524969430774976,0.167524
1073,2022-04-06,0.0543766177270122,0.186769
1074,2022-04-07,0.05207409694697856,0.178612
1075,2022-04-08,0.02176252196263193,0.169548
1076,2022-04-11,0.052848716870905636,0.203359
1077,2022-04-12,0.059688690535444885,0.210674
1078,2022-04-13,0.052307526791644195,0.183847
1079,2022-04-14,0.052748346411477985,0.197199
1080,2022-04-18,0.048167755638232806,0.190238
1081,2022-04-19,0.047411458310238984,0.176232
1082,2022-04-20,0.05716783931706536,0.1797
1083,2022-04-21,0.06121475139256984,0.202736
1084,2022-04-22,0.037074268036416766,0.240179
1085,2022-04-25,0.030638602073937194,0.236616
1086,2022-04-26,0.040941483847196126,0.289515
1087,2022-04-27,0.05253786480705414,0.271275
1088,2022-04-28,0.06133004292585964,0.239538
1089,2022-04-29,0.05793048539878392,0.288171
1090,2022-05-02,0.08953584662608033,0.272563
1091,2022-05-03,0.08500709248112455,0.259075
1092,2022-05-04,0.05877298234151155,0.219968
1093,2022-05-05,0.058674597850589975,0.274214
1094,2022-05-06,0.07215067378013466,0.26128
1095,2022-05-09,0.05075315266700773,0.304435
1096,2022-05-10,0.03308233196325712,0.297447
1097,2022-05-11,0.03755283521569671,0.295487
1098,2022-05-12,0.06589298166659147,0.290725
1099,2022-05-13,0.07662246843433716,0.255342
1100,2022-05-16,0.07305093739398294,0.254768
1101,2022-05-17,0.0678858256786085,0.236262
1102,2022-05-18,0.0970055050596727,0.276607
1103,2022-05-19,0.09027812186632378,0.269408
1104,2022-05-20,0.09213116298883386,0.265166
1105,2022-05-23,0.0751923583172333,0.252555
1106,2022-05-24,0.07001417040753344,0.259593
1107,2022-05-25,0.08823803436535659,0.25867
1108,2022-05-26,0.09513332234046515,0.245016
1109,2022-05-27,0.13232585453655976,0.220331
1110,2022-05-31,0.10093125699856649,0.237419
1111,2022-06-01,0.10355858846074424,0.239867
1112,2022-06-02,0.11685310145776794,0.219711
1113,2022-06-03,0.10222555671519089,0.226281
1114,2022-06-06,0.09085220074372917,0.218665
1115,2022-06-07,0.13203934051640379,0.213673
1116,2022-06-08,0.10264199620739621,0.214843
1117,2022-06-09,0.08521394904700769,0.241991
1118,2022-06-10,0.04466938385603061,0.259681
1119,2022-06-13,0.031211423981571965,0.302603
1120,2022-06-14,0.029000944828583845,0.285087
1121,2022-06-15,0.061804832187107826,0.267046
1122,2022-06-16,0.053363137877257424,0.290537
1123,2022-06-17,0.053327607191037095,0.274854
1124,2022-06-21,0.053714498777553764,0.264461
1125,2022-06-22,0.06514671295270369,0.274696
1126,2022-06-23,0.06514818749632735,0.26474
1127,2022-06-24,0.06827979931112092,0.231366
1128,2022-06-27,0.0748249757270729,0.242737
1129,2022-06-28,0.07145693398198173,0.261706
1130,2022-06-29,0.06897052960881478,0.268039
1131,2022-06-30,0.06387451685005055,0.255597
1132,2022-07-01,0.06824631372750957,0.240597
1133,2022-07-05,0.07123083210048672,0.251665
1134,2022-07-06,0.06351088705857517,0.25284
1135,2022-07-07,0.06217611163814301,0.242237
1136,2022-07-08,0.06810400434464493,0.22724
1137,2022-07-11,0.029431857338370317,0.241355
1138,2022-07-12,0.06881212705907562,0.248003
1139,2022-07-13,0.06130139986412714,0.256267
1140,2022-07-14,0.05923665738150101,0.24881
1141,2022-07-15,0.059657790416805946,0.214819
1142,2022-07-18,0.05508696973041071,0.233508
1143,2022-07-19,0.05758285091988022,0.226216
1144,2022-07-20,0.0681653582711614,0.221234
1145,2022-07-21,0.06418918761984706,0.20706
1146,2022-07-22,0.02740236202465629,0.199448
1147,2022-07-25,0.05353230513717631,0.206199
1148,2022-07-26,0.05395704748342396,0.222169
1149,2022-07-27,0.062431201109235675,0.213675
1150,2022-07-28,0.05667396659489412,0.200628
1151,2022-07-29,0.052925901322548284,0.185909
1152,2022-08-01,0.05461009221095079,0.202369
1153,2022-08-02,0.05557212016638367,0.211897
1154,2022-08-03,0.056210071512445704,0.199509
1155,2022-08-04,0.05284224474102529,0.191096
1156,2022-08-05,0.05013329892134084,0.184323
1157,2022-08-08,0.05876272764494374,0.186908
1158,2022-08-09,0.0568634098227671,0.18564
1159,2022-08-10,0.04884444627362518,0.171368
1160,2022-08-11,0.04766393550229147,0.171317
1161,2022-08-12,0.043511636399517446,0.162094
1162,2022-08-15,0.054845402498467664,0.173146
1163,2022-08-16,0.054931540545441276,0.172473
1164,2022-08-17,0.37728853619264224,0.175908
1165,2022-08-18,0.3793637760172152,0.162639
1166,2022-08-19,0.09880939534033303,0.177005
1167,2022-08-22,0.03394581055447716,0.204416
1168,2022-08-23,0.03555399941295325,0.209124
1169,2022-08-24,0.12081316799597201,0.201009
1170,2022-08-25,0.13183664275406692,0.186576
1171,2022-08-26,0.11221616057822156,0.222937
1172,2022-08-29,0.0612451287645876,0.233499
1173,2022-08-30,0.05238390150310825,0.233532
1174,2022-08-31,0.2958110957333815,0.238996
1175,2022-09-01,0.29657218519105466,0.223755
1176,2022-09-02,0.04094142933443979,0.216907
1177,2022-09-06,0.031222913349554574,0.238606
1178,2022-09-07,0.06982407665846273,0.219997
1179,2022-09-08,0.0724728830543028,0.208099
1180,2022-09-09,0.12618997011564476,0.201044
1181,2022-09-12,0.11145311659693229,0.209956
1182,2022-09-13,0.0860226619886769,0.238222
1183,2022-09-14,0.06592323965101268,0.234855
1184,2022-09-15,0.061940669004897725,0.244821
1185,2022-09-16,0.11239042589053931,0.246503
1186,2022-09-19,0.07071962202324444,0.241646
1187,2022-09-20,0.07188991502296392,0.253256
1188,2022-09-21,0.08197620474617084,0.277235
1189,2022-09-22,0.07898718549436586,0.269742
1190,2022-09-23,0.04431663898955862,0.26263
1191,2022-09-26,0.042359400158062575,0.294413
1192,2022-09-27,0.04657520456302979,0.291645
1193,2022-09-28,0.04876696464140929,0.280521
1194,2022-09-29,0.06233821973387143,0.290531
1195,2022-09-30,0.06143823584735325,0.284988
1196,2022-10-03,0.06506042127721413,0.266861
1197,2022-10-04,0.06420614264945598,0.251721
1198,2022-10-05,0.06690923085570896,0.257856
1199,2022-10-06,0.06780760132844862,0.275708
1200,2022-10-07,0.06464460896512896,0.281481
1201,2022-10-10,0.06505642471159605,0.299365
1202,2022-10-11,0.06348016401185692,0.304011
1203,2022-10-12,0.06104600010323507,0.314769
1204,2022-10-13,0.07610391437023291,0.303751
1205,2022-10-14,0.048790544763864525,0.285657
1206,2022-10-17,0.09278150502670944,0.285681
1207,2022-10-18,0.03436892877892583,0.273402
1208,2022-10-19,0.06626613793824021,0.28982
1209,2022-10-20,0.06210714490267464,0.289688
1210,2022-10-21,0.06499361213590246,0.274815
1211,2022-10-24,0.07690222806618087,0.278461
1212,2022-10-25,0.07549183075697188,0.267521
1213,2022-10-26,0.07033990412055705,0.258843
1214,2022-10-27,0.06716619755112312,0.251209
1215,2022-10-28,0.058551851877019286,0.239299
1216,2022-10-31,0.02639903967920725,0.246006
1217,2022-11-01,0.06488727426398559,0.248143
1218,2022-11-02,0.06999882990060409,0.257078
1219,2022-11-03,0.06534059086504553,0.246464
1220,2022-11-04,0.057747979033932216,0.22429
1221,2022-11-07,0.053466955088849424,0.23292
1222,2022-11-08,0.05490853897916606,0.238161
1223,2022-11-09,0.06776736085437192,0.248677
1224,2022-11-10,0.058834535876032004,0.221028
1225,2022-11-11,0.04873481813369414,0.199081
1226,2022-11-14,0.05674183849357211,0.23231
1227,2022-11-15,0.053149444891192305,0.223824
1228,2022-11-16,0.24601294839518736,0.22554
1229,2022-11-17,0.24084283486836186,0.217296
1230,2022-11-18,0.24547609403334603,0.213528
1231,2022-11-21,0.15236369568637403,0.208233
1232,2022-11-22,0.16400985312959676,0.198198
1233,2022-11-23,0.16847956033904446,0.186944
1234,2022-11-25,0.1675197434506718,0.186112
1235,2022-11-28,0.29653944513775404,0.207963
1236,2022-11-29,0.29426477585245986,0.207305
1237,2022-11-30,0.3239277841681945,0.178756
1238,2022-12-01,0.3254086554671114,0.186919
1239,2022-12-02,0.3233853780248056,0.176619
1240,2022-12-05,0.0839134819180987,0.195484
1241,2022-12-06,0.10566473189427857,0.207133
1242,2022-12-07,0.10473823524790607,0.216125
1243,2022-12-08,0.10998913382234801,0.205811
1244,2022-12-09,0.10322517694554383,0.210568
1245,2022-12-12,0.12097405335718563,0.234039
1246,2022-12-13,0.12443011287761516,0.211366
1247,2022-12-14,0.11737877916168084,0.204618
1248,2022-12-15,0.09522784742978993,0.209052
1249,2022-12-16,0.08560717928538362,0.221119
1250,2022-12-19,0.057271068578462606,0.216706
1251,2022-12-20,0.050461036036816544,0.20653
1252,2022-12-21,0.038006266947031075,0.193211
1253,2022-12-22,0.046176550381920936,0.207916
1254,2022-12-23,0.041948559574568355,0.200094
1255,2022-12-27,0.05743449048076675,0.211334
1256,2022-12-28,0.05630576271301284,0.218937
1257,2022-12-29,0.055106859306258485,0.206114
1258,2022-12-30,0.05324804857191961,0.203199
1259,2023-01-03,0.06628481208179873,0.227234
1260,2023-01-04,0.06085198797004372,0.212676
1261,2023-01-05,0.061941307185103954,0.222533
1262,2023-01-06,0.05565671088475042,0.201866
1263,2023-01-09,0.06126438936855077,0.210286
1264,2023-01-10,0.05720627390285561,0.197808
1265,2023-01-11,0.05628146931573094,0.199326
1266,2023-01-12,0.05073228780200481,0.177791
1267,2023-01-13,0.048098513058167716,0.169212
1268,2023-01-17,0.05952720599375065,0.180837
1269,2023-01-18,0.06027776620013619,0.191955
1270,2023-01-19,0.0611219259469313,0.196214
1271,2023-01-20,0.052459806607970054,0.182054
1272,2023-01-23,0.053753579672873995,0.178755
1273,2023-01-24,0.055319917209992714,0.181867
1274,2023-01-25,0.05087346045109982,0.174376
1275,2023-01-26,0.049301473846520144,0.168816
1276,2023-01-27,0.049549717287295986,0.169458
1277,2023-01-30,0.051937784441977046,0.18318
1278,2023-01-31,0.050356924869098534,0.174808
1279,2023-02-01,0.04653887530705569,0.160973
1280,2023-02-02,0.04505836726086785,0.156754
1281,2023-02-03,0.04914795918285611,0.166797
1282,2023-02-06,0.0527269925459033,0.178337
1283,2023-02-07,0.052986539472055276,0.175388
1284,2023-02-08,0.054200276612525244,0.182891
1285,2023-02-09,0.05414203185949367,0.191181
1286,2023-02-10,0.05380961751703948,0.192511
1287,2023-02-13,0.34195107378785444,0.182005
1288,2023-02-14,0.3420075743596972,0.171995
1289,2023-02-15,0.34410708427611025,0.160813
1290,2023-02-16,0.3299505383069357,0.177824
1291,2023-02-17,0.326156503705374,0.172883
1292,2023-02-21,0.10754073309349006,0.21153
1293,2023-02-22,0.10706536592029857,0.202075
1294,2023-02-23,0.11123556542544696,0.19672
1295,2023-02-24,0.10068743725872385,0.201088
1296,2023-02-27,0.11411382631616578,0.194675
1297,2023-02-28,0.11247289078156408,0.207305
